{
    "total_runtime": 5.905153036117554,
    "num_documents": 112,
    "input_load_time": 0,
    "workflows": {
        "create_base_text_units": {
            "overall": 0.10508370399475098,
            "0_orderby": 0.0005528926849365234,
            "1_zip": 0.0004868507385253906,
            "2_aggregate_override": 0.0018551349639892578,
            "3_chunk": 0.09711313247680664,
            "4_select": 0.0004200935363769531,
            "5_unroll": 0.0006971359252929688,
            "6_rename": 0.00019979476928710938,
            "7_genid": 0.0006480216979980469,
            "8_unzip": 0.00039887428283691406,
            "9_copy": 0.00011491775512695312,
            "10_filter": 0.0024008750915527344
        },
        "create_base_extracted_entities": {
            "overall": 0.10394072532653809,
            "0_entity_extract": 0.08635926246643066,
            "1_merge_graphs": 0.01744389533996582
        },
        "create_summarized_entities": {
            "overall": 1.8741109371185303,
            "0_summarize_descriptions": 1.8738980293273926
        },
        "create_base_entity_graph": {
            "overall": 0.016564130783081055,
            "0_cluster_graph": 0.016152143478393555,
            "1_select": 0.0002639293670654297
        },
        "create_final_entities": {
            "overall": 1.9027771949768066,
            "0_unpack_graph": 0.004445075988769531,
            "1_rename": 0.00025534629821777344,
            "2_select": 0.00028014183044433594,
            "3_dedupe": 0.00026679039001464844,
            "4_rename": 0.0001609325408935547,
            "5_filter": 0.0015249252319335938,
            "6_text_split": 0.001589059829711914,
            "7_drop": 0.0002269744873046875,
            "8_text_embed": 0.135606050491333,
            "9_merge": 0.01412200927734375,
            "10_text_embed": 1.7400150299072266,
            "11_drop": 0.0008978843688964844,
            "12_filter": 0.0031423568725585938
        },
        "create_final_nodes": {
            "overall": 0.03288602828979492,
            "0_layout_graph": 0.016401052474975586,
            "1_unpack_graph": 0.004786968231201172,
            "2_unpack_graph": 0.0047490596771240234,
            "3_drop": 0.0003387928009033203,
            "4_filter": 0.0014700889587402344,
            "5_select": 0.00021004676818847656,
            "6_rename": 0.00015807151794433594,
            "7_convert": 0.001499176025390625,
            "8_join": 0.0027828216552734375,
            "9_rename": 0.0002932548522949219
        },
        "create_final_communities": {
            "overall": 0.022162199020385742,
            "0_unpack_graph": 0.004318952560424805,
            "1_unpack_graph": 0.0038421154022216797,
            "2_aggregate_override": 0.0011210441589355469,
            "3_join": 0.002385854721069336,
            "4_join": 0.0019421577453613281,
            "5_concat": 0.00023412704467773438,
            "6_filter": 0.0029039382934570312,
            "7_aggregate_override": 0.0010368824005126953,
            "8_join": 0.0017209053039550781,
            "9_filter": 0.0014410018920898438,
            "10_fill": 0.00015783309936523438,
            "11_merge": 0.0004322528839111328,
            "12_copy": 0.00015211105346679688,
            "13_select": 0.00023508071899414062
        },
        "join_text_units_to_entity_ids": {
            "overall": 0.0033359527587890625,
            "0_select": 0.0003650188446044922,
            "1_unroll": 0.0007240772247314453,
            "2_aggregate_override": 0.0021209716796875
        },
        "create_final_relationships": {
            "overall": 0.08269691467285156,
            "0_unpack_graph": 0.004263877868652344,
            "1_filter": 0.0015499591827392578,
            "2_rename": 0.0001971721649169922,
            "3_filter": 0.00115203857421875,
            "4_text_embed": 0.07292604446411133,
            "5_drop": 0.0003161430358886719,
            "6_compute_edge_combined_degree": 0.00162506103515625,
            "7_convert": 0.0002689361572265625,
            "8_convert": 0.0002219676971435547
        },
        "join_text_units_to_relationship_ids": {
            "overall": 0.0034177303314208984,
            "0_select": 0.00034689903259277344,
            "1_unroll": 0.0006468296051025391,
            "2_aggregate_override": 0.002076864242553711,
            "3_select": 0.00021338462829589844
        },
        "create_final_community_reports": {
            "overall": 0.015526771545410156,
            "0_prepare_community_reports_nodes": 0.001608133316040039,
            "1_prepare_community_reports_edges": 0.0010471343994140625,
            "2_restore_community_hierarchy": 0.0013859272003173828,
            "3_prepare_community_reports": 0.007397174835205078,
            "4_create_community_reports": 0.0036399364471435547,
            "5_window": 0.00026917457580566406
        },
        "create_final_text_units": {
            "overall": 0.0066149234771728516,
            "0_select": 0.00044989585876464844,
            "1_rename": 0.00029277801513671875,
            "2_join": 0.0024178028106689453,
            "3_join": 0.0020017623901367188,
            "4_aggregate_override": 0.0010371208190917969,
            "5_select": 0.00023031234741210938
        },
        "create_base_documents": {
            "overall": 0.007773160934448242,
            "0_unroll": 0.0008921623229980469,
            "1_select": 0.00024199485778808594,
            "2_rename": 0.0002009868621826172,
            "3_join": 0.0022308826446533203,
            "4_aggregate_override": 0.00144195556640625,
            "5_join": 0.0019099712371826172,
            "6_rename": 0.0002009868621826172,
            "7_convert": 0.00047588348388671875
        },
        "create_final_documents": {
            "overall": 0.0004019737243652344,
            "0_rename": 0.000286102294921875
        }
    }
}