{
    "total_runtime": 1.729442834854126,
    "num_documents": 1,
    "input_load_time": 0,
    "workflows": {
        "create_base_text_units": {
            "overall": 0.10518693923950195,
            "0_orderby": 0.0005102157592773438,
            "1_zip": 0.0004909038543701172,
            "2_aggregate_override": 0.0013532638549804688,
            "3_chunk": 0.09836220741271973,
            "4_select": 0.00043702125549316406,
            "5_unroll": 0.0007300376892089844,
            "6_rename": 0.00020003318786621094,
            "7_genid": 0.0002601146697998047,
            "8_unzip": 0.00034999847412109375,
            "9_copy": 0.00011706352233886719,
            "10_filter": 0.002176046371459961
        },
        "create_base_extracted_entities": {
            "overall": 0.016947031021118164,
            "0_entity_extract": 0.015269994735717773,
            "1_merge_graphs": 0.0015521049499511719
        },
        "create_summarized_entities": {
            "overall": 0.0025489330291748047,
            "0_summarize_descriptions": 0.0024340152740478516
        },
        "create_base_entity_graph": {
            "overall": 0.004691123962402344,
            "0_cluster_graph": 0.00431513786315918,
            "1_select": 0.00024962425231933594
        },
        "create_final_entities": {
            "overall": 0.024456024169921875,
            "0_unpack_graph": 0.0008158683776855469,
            "1_rename": 0.00022482872009277344,
            "2_select": 0.00026488304138183594,
            "3_dedupe": 0.00024771690368652344,
            "4_rename": 0.00015115737915039062,
            "5_filter": 0.0013608932495117188,
            "6_text_split": 0.00032901763916015625,
            "7_drop": 0.0002281665802001953,
            "8_text_embed": 0.012067794799804688,
            "9_merge": 0.0010738372802734375,
            "10_text_embed": 0.005937099456787109,
            "11_drop": 0.000244140625,
            "12_filter": 0.0013310909271240234
        },
        "create_final_nodes": {
            "overall": 0.009268045425415039,
            "0_layout_graph": 0.0025339126586914062,
            "1_unpack_graph": 0.0007328987121582031,
            "2_unpack_graph": 0.0006260871887207031,
            "3_drop": 0.00022077560424804688,
            "4_filter": 0.0013108253479003906,
            "5_select": 0.00020599365234375,
            "6_rename": 0.00016307830810546875,
            "7_convert": 0.0008738040924072266,
            "8_join": 0.002207040786743164,
            "9_rename": 0.000225067138671875
        },
        "create_final_communities": {
            "overall": 0.013955116271972656,
            "0_unpack_graph": 0.0007829666137695312,
            "1_unpack_graph": 0.0006091594696044922,
            "2_aggregate_override": 0.0010309219360351562,
            "3_join": 0.002124786376953125,
            "4_join": 0.0019237995147705078,
            "5_concat": 0.0002219676971435547,
            "6_filter": 0.001683950424194336,
            "7_aggregate_override": 0.001007080078125,
            "8_join": 0.0018000602722167969,
            "9_filter": 0.0015461444854736328,
            "10_fill": 0.00016689300537109375,
            "11_merge": 0.00046515464782714844,
            "12_copy": 0.00017595291137695312,
            "13_select": 0.00021004676818847656
        },
        "join_text_units_to_entity_ids": {
            "overall": 0.0018749237060546875,
            "0_select": 0.0003292560577392578,
            "1_unroll": 0.0006120204925537109,
            "2_aggregate_override": 0.0008132457733154297
        },
        "create_final_relationships": {
            "overall": 0.011864900588989258,
            "0_unpack_graph": 0.0007970333099365234,
            "1_filter": 0.0014200210571289062,
            "2_rename": 0.00017905235290527344,
            "3_filter": 0.0011222362518310547,
            "4_text_embed": 0.006018877029418945,
            "5_drop": 0.00024175643920898438,
            "6_compute_edge_combined_degree": 0.0015108585357666016,
            "7_convert": 0.0002422332763671875,
            "8_convert": 0.0001621246337890625
        },
        "join_text_units_to_relationship_ids": {
            "overall": 0.0021162033081054688,
            "0_select": 0.0003018379211425781,
            "1_unroll": 0.0006301403045654297,
            "2_aggregate_override": 0.0008041858673095703,
            "3_select": 0.0002491474151611328
        },
        "create_final_community_reports": {
            "overall": 0.01235818862915039,
            "0_prepare_community_reports_nodes": 0.0006499290466308594,
            "1_prepare_community_reports_edges": 0.00047087669372558594,
            "2_restore_community_hierarchy": 0.0013899803161621094,
            "3_prepare_community_reports": 0.006670236587524414,
            "4_create_community_reports": 0.0027489662170410156,
            "5_window": 0.00026297569274902344
        },
        "create_final_text_units": {
            "overall": 0.005519866943359375,
            "0_select": 0.0003039836883544922,
            "1_rename": 0.00019097328186035156,
            "2_join": 0.0019981861114501953,
            "3_join": 0.0017271041870117188,
            "4_aggregate_override": 0.0009329319000244141,
            "5_select": 0.00021791458129882812
        },
        "create_base_documents": {
            "overall": 0.006149768829345703,
            "0_unroll": 0.0007891654968261719,
            "1_select": 0.00022912025451660156,
            "2_rename": 0.00019407272338867188,
            "3_join": 0.0017752647399902344,
            "4_aggregate_override": 0.0006699562072753906,
            "5_join": 0.0017249584197998047,
            "6_rename": 0.00019788742065429688,
            "7_convert": 0.00041294097900390625
        },
        "create_final_documents": {
            "overall": 0.000370025634765625,
            "0_rename": 0.0002601146697998047
        }
    }
}