{
    "total_runtime": 2.3608367443084717,
    "num_documents": 112,
    "input_load_time": 0,
    "workflows": {
        "create_base_text_units": {
            "overall": 0.105377197265625,
            "0_orderby": 0.0005438327789306641,
            "1_zip": 0.0004999637603759766,
            "2_aggregate_override": 0.0018091201782226562,
            "3_chunk": 0.09767603874206543,
            "4_select": 0.0004448890686035156,
            "5_unroll": 0.0007028579711914062,
            "6_rename": 0.00018906593322753906,
            "7_genid": 0.0006620883941650391,
            "8_unzip": 0.0003981590270996094,
            "9_copy": 0.0001201629638671875,
            "10_filter": 0.002129077911376953
        },
        "create_base_extracted_entities": {
            "overall": 0.08584904670715332,
            "0_entity_extract": 0.07240700721740723,
            "1_merge_graphs": 0.013309955596923828
        },
        "create_summarized_entities": {
            "overall": 0.022205829620361328,
            "0_summarize_descriptions": 0.022077322006225586
        },
        "create_base_entity_graph": {
            "overall": 0.016867637634277344,
            "0_cluster_graph": 0.016443729400634766,
            "1_select": 0.0002961158752441406
        },
        "create_final_entities": {
            "overall": 0.3136448860168457,
            "0_unpack_graph": 0.0045168399810791016,
            "1_rename": 0.00024437904357910156,
            "2_select": 0.00027108192443847656,
            "3_dedupe": 0.0002791881561279297,
            "4_rename": 0.0001609325408935547,
            "5_filter": 0.002335071563720703,
            "6_text_split": 0.0016756057739257812,
            "7_drop": 0.00021505355834960938,
            "8_text_embed": 0.14214515686035156,
            "9_merge": 0.015475988388061523,
            "10_text_embed": 0.1433110237121582,
            "11_drop": 0.0004291534423828125,
            "12_filter": 0.00238800048828125
        },
        "create_final_nodes": {
            "overall": 0.0350949764251709,
            "0_layout_graph": 0.01793694496154785,
            "1_unpack_graph": 0.005247831344604492,
            "2_unpack_graph": 0.005209207534790039,
            "3_filter": 0.002337932586669922,
            "4_drop": 0.00020885467529296875,
            "5_select": 0.0001919269561767578,
            "6_rename": 0.00015306472778320312,
            "7_join": 0.002232789993286133,
            "8_convert": 0.001138925552368164,
            "9_rename": 0.00024080276489257812
        },
        "create_final_communities": {
            "overall": 0.023214101791381836,
            "0_unpack_graph": 0.00462794303894043,
            "1_unpack_graph": 0.004173755645751953,
            "2_aggregate_override": 0.001112222671508789,
            "3_join": 0.002299070358276367,
            "4_join": 0.0020170211791992188,
            "5_concat": 0.00022292137145996094,
            "6_filter": 0.002955913543701172,
            "7_aggregate_override": 0.0010919570922851562,
            "8_join": 0.001882791519165039,
            "9_filter": 0.0014841556549072266,
            "10_fill": 0.00015783309936523438,
            "11_merge": 0.0005571842193603516,
            "12_copy": 0.00015807151794433594,
            "13_select": 0.0002570152282714844
        },
        "join_text_units_to_entity_ids": {
            "overall": 0.003270864486694336,
            "0_select": 0.00032782554626464844,
            "1_unroll": 0.0007297992706298828,
            "2_aggregate_override": 0.0020837783813476562
        },
        "create_final_relationships": {
            "overall": 0.09430289268493652,
            "0_unpack_graph": 0.0044901371002197266,
            "1_filter": 0.002493143081665039,
            "2_rename": 0.00018787384033203125,
            "3_filter": 0.0011708736419677734,
            "4_text_embed": 0.08321881294250488,
            "5_drop": 0.0003771781921386719,
            "6_compute_edge_combined_degree": 0.0017080307006835938,
            "7_convert": 0.0002830028533935547,
            "8_convert": 0.0002009868621826172
        },
        "join_text_units_to_relationship_ids": {
            "overall": 0.0034627914428710938,
            "0_select": 0.00033020973205566406,
            "1_unroll": 0.0006809234619140625,
            "2_aggregate_override": 0.0021152496337890625,
            "3_select": 0.00020503997802734375
        },
        "create_final_community_reports": {
            "overall": 0.01720881462097168,
            "0_prepare_community_reports_nodes": 0.0016970634460449219,
            "1_prepare_community_reports_edges": 0.001132965087890625,
            "2_restore_community_hierarchy": 0.0014758110046386719,
            "3_prepare_community_reports": 0.009307146072387695,
            "4_create_community_reports": 0.0031821727752685547,
            "5_window": 0.00024318695068359375
        },
        "create_final_text_units": {
            "overall": 0.005666971206665039,
            "0_select": 0.0002980232238769531,
            "1_rename": 0.00018787384033203125,
            "2_join": 0.0020821094512939453,
            "3_join": 0.0018029212951660156,
            "4_aggregate_override": 0.0009372234344482422,
            "5_select": 0.00021004676818847656
        },
        "create_base_documents": {
            "overall": 0.007005929946899414,
            "0_unroll": 0.0009338855743408203,
            "1_select": 0.00023126602172851562,
            "2_rename": 0.00020599365234375,
            "3_join": 0.0018830299377441406,
            "4_aggregate_override": 0.0012352466583251953,
            "5_join": 0.0016951560974121094,
            "6_rename": 0.00018596649169921875,
            "7_convert": 0.0004658699035644531
        },
        "create_final_documents": {
            "overall": 0.0003840923309326172,
            "0_rename": 0.0002727508544921875
        }
    }
}