{
    "total_runtime": 1.740513801574707,
    "num_documents": 1,
    "input_load_time": 0,
    "workflows": {
        "create_base_text_units": {
            "overall": 0.0983266830444336,
            "0_orderby": 0.00046896934509277344,
            "1_zip": 0.000453948974609375,
            "2_aggregate_override": 0.0012772083282470703,
            "3_chunk": 0.09156179428100586,
            "4_select": 0.0004119873046875,
            "5_unroll": 0.0007011890411376953,
            "6_rename": 0.0001971721649169922,
            "7_genid": 0.0002570152282714844,
            "8_unzip": 0.0003457069396972656,
            "9_copy": 0.00011396408081054688,
            "10_filter": 0.0023491382598876953
        },
        "create_base_extracted_entities": {
            "overall": 0.014177083969116211,
            "0_entity_extract": 0.012433767318725586,
            "1_merge_graphs": 0.0016179084777832031
        },
        "create_summarized_entities": {
            "overall": 0.0025970935821533203,
            "0_summarize_descriptions": 0.002480030059814453
        },
        "create_base_entity_graph": {
            "overall": 0.004382133483886719,
            "0_cluster_graph": 0.003997802734375,
            "1_select": 0.0002582073211669922
        },
        "create_final_entities": {
            "overall": 0.025964975357055664,
            "0_unpack_graph": 0.0008628368377685547,
            "1_rename": 0.0002269744873046875,
            "2_select": 0.0002460479736328125,
            "3_dedupe": 0.0002391338348388672,
            "4_rename": 0.00015115737915039062,
            "5_filter": 0.001322031021118164,
            "6_text_split": 0.0003361701965332031,
            "7_drop": 0.00025200843811035156,
            "8_text_embed": 0.011777639389038086,
            "9_merge": 0.0012140274047851562,
            "10_text_embed": 0.007581233978271484,
            "11_drop": 0.0002429485321044922,
            "12_filter": 0.001329183578491211
        },
        "create_final_nodes": {
            "overall": 0.00970005989074707,
            "0_layout_graph": 0.002501964569091797,
            "1_unpack_graph": 0.0007841587066650391,
            "2_unpack_graph": 0.0006971359252929688,
            "3_drop": 0.00023293495178222656,
            "4_filter": 0.0014088153839111328,
            "5_select": 0.00020503997802734375,
            "6_rename": 0.00016808509826660156,
            "7_join": 0.0022161006927490234,
            "8_convert": 0.0010831356048583984,
            "9_rename": 0.00021600723266601562
        },
        "create_final_communities": {
            "overall": 0.013774871826171875,
            "0_unpack_graph": 0.000865936279296875,
            "1_unpack_graph": 0.0006551742553710938,
            "2_aggregate_override": 0.001068115234375,
            "3_join": 0.002149820327758789,
            "4_join": 0.0018668174743652344,
            "5_concat": 0.00022029876708984375,
            "6_filter": 0.0016019344329833984,
            "7_aggregate_override": 0.0010030269622802734,
            "8_join": 0.0017309188842773438,
            "9_filter": 0.0014600753784179688,
            "10_fill": 0.00015282630920410156,
            "11_merge": 0.00043010711669921875,
            "12_copy": 0.00015997886657714844,
            "13_select": 0.00019621849060058594
        },
        "join_text_units_to_entity_ids": {
            "overall": 0.0019180774688720703,
            "0_select": 0.00034308433532714844,
            "1_unroll": 0.0006318092346191406,
            "2_aggregate_override": 0.0008111000061035156
        },
        "create_final_relationships": {
            "overall": 0.011373043060302734,
            "0_unpack_graph": 0.0008387565612792969,
            "1_filter": 0.001432657241821289,
            "2_rename": 0.000186920166015625,
            "3_filter": 0.0011529922485351562,
            "4_text_embed": 0.0054509639739990234,
            "5_drop": 0.0002522468566894531,
            "6_compute_edge_combined_degree": 0.0014681816101074219,
            "7_convert": 0.00025010108947753906,
            "8_convert": 0.00016999244689941406
        },
        "join_text_units_to_relationship_ids": {
            "overall": 0.0021719932556152344,
            "0_select": 0.00034308433532714844,
            "1_unroll": 0.0006368160247802734,
            "2_aggregate_override": 0.0008029937744140625,
            "3_select": 0.0002541542053222656
        },
        "create_final_community_reports": {
            "overall": 0.012781143188476562,
            "0_prepare_community_reports_nodes": 0.0005977153778076172,
            "1_prepare_community_reports_edges": 0.0005011558532714844,
            "2_restore_community_hierarchy": 0.0013959407806396484,
            "3_prepare_community_reports": 0.006788969039916992,
            "4_create_community_reports": 0.003083944320678711,
            "5_window": 0.0002429485321044922
        },
        "create_final_text_units": {
            "overall": 0.005574703216552734,
            "0_select": 0.00030684471130371094,
            "1_rename": 0.00019598007202148438,
            "2_join": 0.0020227432250976562,
            "3_join": 0.001728057861328125,
            "4_aggregate_override": 0.0009589195251464844,
            "5_select": 0.00021314620971679688
        },
        "create_base_documents": {
            "overall": 0.0060498714447021484,
            "0_unroll": 0.0007770061492919922,
            "1_select": 0.00023508071899414062,
            "2_rename": 0.0001990795135498047,
            "3_join": 0.001775979995727539,
            "4_aggregate_override": 0.0006649494171142578,
            "5_join": 0.0016450881958007812,
            "6_rename": 0.00018596649169921875,
            "7_convert": 0.0004131793975830078
        },
        "create_final_documents": {
            "overall": 0.0004711151123046875,
            "0_rename": 0.00033473968505859375
        }
    }
}